ts_code,name,industry,price,pct_chg,tech_score,fund_score,total_score,level,emoji,tech_reasons,fund_reasons,ma5,ma20,rsi,macd,volume_ratio
002712.SZ,思美传媒,广告包装,7.03,4.9254,95,0,57.0,谨慎关注,★★★,"['均线多头排列', '价格站上20日线', 'RSI处于合理区间', 'MACD金叉', '成交量显著放大', '价格位于布林带中轨上方', '温和上涨']",['无财务数据'],6.61,6.54,66.0,0.1678,1.73
300796.SZ,贝斯美,农药化肥,9.81,-2.0958,90,0,54.0,谨慎关注,★★★,"['均线多头排列', '价格站上20日线', 'RSI处于合理区间', 'MACD金叉', '成交量显著放大', '价格位于布林带中轨上方', '回调买入机会']",['无财务数据'],9.65,9.46,57.4,0.19,1.52
300241.SZ,瑞丰光电,半导体,6.27,0.1597,88,0,52.8,谨慎关注,★★★,"['均线多头排列', '价格站上20日线', 'RSI处于合理区间', 'MACD金叉', '成交量温和放大', '价格位于布林带中轨上方', '温和上涨']",['无财务数据'],6.17,6.06,60.2,0.0919,1.27
000014.SZ,沙河股份,全国地产,14.54,0.0688,85,0,51.0,谨慎关注,★★★,"['均线多头排列', '价格站上20日线', 'RSI处于合理区间', 'MACD金叉', '成交量显著放大', '温和上涨']",['无财务数据'],13.8,13.33,63.7,-0.0034,3.27
002438.SZ,江苏神通,机械基件,19.4,5.2632,85,0,51.0,谨慎关注,★★★,"['均线多头排列', '价格站上20日线', 'RSI处于合理区间', 'MACD金叉', '成交量显著放大', '温和上涨']",['无财务数据'],17.91,16.75,69.9,0.652,2.75
002445.SZ,中南文化,钢加工,2.95,5.3571,85,0,51.0,谨慎关注,★★★,"['均线多头排列', '价格站上20日线', 'RSI处于合理区间', 'MACD金叉', '成交量显著放大', '温和上涨']",['无财务数据'],2.79,2.75,67.1,0.0384,2.44
300589.SZ,江龙船艇,船舶,20.95,6.9969,85,0,51.0,谨慎关注,★★★,"['短期均线向上', '价格站上20日线', 'RSI处于合理区间', 'MACD金叉', '成交量显著放大', '价格位于布林带中轨上方', '温和上涨']",['无财务数据'],19.38,19.06,64.3,-0.1472,1.6
002876.SZ,三利谱,元器件,27.86,4.0717,85,0,51.0,谨慎关注,★★★,"['短期均线向上', '价格站上20日线', 'RSI处于合理区间', 'MACD金叉', '成交量显著放大', '价格位于布林带中轨上方', '温和上涨']",['无财务数据'],26.3,26.11,51.3,0.4897,2.02
300834.SZ,星辉环材,化工原料,26.8,1.5152,85,0,51.0,谨慎关注,★★★,"['均线多头排列', '价格站上20日线', 'RSI处于合理区间', 'MACD金叉', '成交量显著放大', '温和上涨']",['无财务数据'],25.49,24.66,68.7,0.6015,2.24
600671.SH,天目药业,中成药,20.18,1.8677,83,0,49.8,谨慎关注,★★★,"['短期均线向上', '价格站上20日线', 'RSI处于超卖反弹区', 'MACD金叉', '成交量温和放大', '价格位于布林带中轨上方', '温和上涨']",['无财务数据'],19.67,19.33,34.1,0.4365,1.21
301535.SZ,浙江华远,汽车配件,28.5,-0.766,83,0,49.8,谨慎关注,★★★,"['均线多头排列', '价格站上20日线', 'RSI处于合理区间', 'MACD金叉', '成交量温和放大', '价格位于布林带中轨上方', '回调买入机会']",['无财务数据'],28.29,26.85,62.0,1.4813,1.35
000020.SZ,深华发Ａ,元器件,15.43,0.8497,80,0,48.0,谨慎关注,★★★,"['均线多头排列', '价格站上20日线', 'RSI处于合理区间', 'MACD金叉', '价格位于布林带中轨上方', '温和上涨']",['无财务数据'],15.33,14.93,65.4,0.1552,0.85
001872.SZ,招商港口,港口,19.85,0.2525,80,0,48.0,谨慎关注,★★★,"['均线多头排列', '价格站上20日线', 'RSI处于合理区间', 'MACD金叉', '价格位于布林带中轨上方', '温和上涨']",['无财务数据'],19.78,19.56,60.8,0.0395,0.64
000088.SZ,盐田港,港口,4.56,0.2198,80,0,48.0,谨慎关注,★★★,"['均线多头排列', '价格站上20日线', 'RSI处于合理区间', 'MACD金叉', '价格位于布林带中轨上方', '温和上涨']",['无财务数据'],4.54,4.53,54.0,0.0088,0.84
000895.SZ,双汇发展,食品,26.71,0.3381,80,0,48.0,谨慎关注,★★★,"['均线多头排列', '价格站上20日线', 'RSI处于合理区间', 'MACD金叉', '价格位于布林带中轨上方', '温和上涨']",['无财务数据'],26.57,25.91,68.2,0.0906,0.7
600261.SH,阳光照明,家用电器,3.87,0.2591,80,0,48.0,谨慎关注,★★★,"['均线多头排列', '价格站上20日线', 'RSI处于合理区间', 'MACD金叉', '价格位于布林带中轨上方', '温和上涨']",['无财务数据'],3.75,3.67,61.1,0.0735,1.1
600642.SH,申能股份,火力发电,8.4,0.3584,80,0,48.0,谨慎关注,★★★,"['均线多头排列', '价格站上20日线', 'RSI处于合理区间', 'MACD金叉', '价格位于布林带中轨上方', '温和上涨']",['无财务数据'],8.36,8.26,60.9,0.0766,0.9
600971.SH,恒源煤电,煤炭开采,6.93,0.7267,80,0,48.0,谨慎关注,★★★,"['均线多头排列', '价格站上20日线', 'RSI处于合理区间', 'MACD金叉', '价格位于布林带中轨上方', '温和上涨']",['无财务数据'],6.95,6.62,61.1,0.1232,0.61
601001.SH,晋控煤业,煤炭开采,15.78,1.6098,80,0,48.0,谨慎关注,★★★,"['均线多头排列', '价格站上20日线', 'RSI处于合理区间', 'MACD金叉', '价格位于布林带中轨上方', '温和上涨']",['无财务数据'],15.71,14.93,60.1,0.3639,0.68
601988.SH,中国银行,银行,5.41,0.5576,80,0,48.0,谨慎关注,★★★,"['均线多头排列', '价格站上20日线', 'RSI处于合理区间', 'MACD金叉', '价格位于布林带中轨上方', '温和上涨']",['无财务数据'],5.38,5.37,56.9,-0.051,0.88
002062.SZ,宏润建设,建筑工程,10.04,0.0997,80,0,48.0,谨慎关注,★★★,"['均线多头排列', '价格站上20日线', 'RSI处于合理区间', 'MACD金叉', '价格位于布林带中轨上方', '温和上涨']",['无财务数据'],9.95,9.81,48.2,0.142,0.95
002296.SZ,辉煌科技,通信设备,14.12,-0.212,80,0,48.0,谨慎关注,★★★,"['均线多头排列', '价格站上20日线', 'RSI处于合理区间', 'MACD金叉', '成交量显著放大', '回调买入机会']",['无财务数据'],13.45,13.02,64.9,0.494,1.93
002293.SZ,罗莱生活,纺织,10.71,0.7526,80,0,48.0,谨慎关注,★★★,"['均线多头排列', '价格站上20日线', 'RSI处于合理区间', 'MACD金叉', '价格位于布林带中轨上方', '温和上涨']",['无财务数据'],10.49,10.1,61.4,0.1967,0.78
600999.SH,招商证券,证券,17.24,0.4077,80,0,48.0,谨慎关注,★★★,"['均线多头排列', '价格站上20日线', 'RSI处于合理区间', 'MACD金叉', '价格位于布林带中轨上方', '温和上涨']",['无财务数据'],17.03,16.96,60.7,0.0366,0.9
300240.SZ,飞力达,仓储物流,8.08,0.4975,80,0,48.0,谨慎关注,★★★,"['均线多头排列', '价格站上20日线', 'RSI处于合理区间', 'MACD金叉', '价格位于布林带中轨上方', '温和上涨']",['无财务数据'],8.0,7.92,58.2,0.0776,0.89
300243.SZ,瑞丰高材,化工原料,11.61,0.1726,80,0,48.0,谨慎关注,★★★,"['均线多头排列', '价格站上20日线', 'RSI处于合理区间', 'MACD金叉', '价格位于布林带中轨上方', '温和上涨']",['无财务数据'],11.46,11.25,55.8,0.1873,0.74
000333.SZ,美的集团,家用电器,80.19,1.3012,80,0,48.0,谨慎关注,★★★,"['均线多头排列', '价格站上20日线', 'RSI处于合理区间', 'MACD金叉', '价格位于布林带中轨上方', '温和上涨']",['无财务数据'],79.83,77.93,61.5,0.3395,0.86
603639.SH,海利尔,农药化肥,14.16,0.4968,80,0,48.0,谨慎关注,★★★,"['均线多头排列', '价格站上20日线', 'RSI处于合理区间', 'MACD金叉', '价格位于布林带中轨上方', '温和上涨']",['无财务数据'],14.08,13.78,59.6,0.2791,1.1
300422.SZ,博世科,环境保护,5.15,0.3899,80,0,48.0,谨慎关注,★★★,"['均线多头排列', '价格站上20日线', 'RSI处于合理区间', 'MACD金叉', '价格位于布林带中轨上方', '温和上涨']",['无财务数据'],5.1,4.98,69.4,0.0755,0.84
300787.SZ,海能实业,元器件,13.08,0.7704,80,0,48.0,谨慎关注,★★★,"['均线多头排列', '价格站上20日线', 'RSI处于合理区间', 'MACD金叉', '价格位于布林带中轨上方', '温和上涨']",['无财务数据'],12.88,12.7,60.1,0.218,0.88
300612.SZ,宣亚国际,广告包装,21.52,5.0781,80,0,48.0,谨慎关注,★★★,"['均线多头排列', '价格站上20日线', 'RSI处于合理区间', 'MACD金叉', '价格位于布林带中轨上方', '温和上涨']",['无财务数据'],20.43,19.82,64.8,0.5328,1.2
002910.SZ,庄园牧场,乳制品,12.51,0.08,80,0,48.0,谨慎关注,★★★,"['均线多头排列', '价格站上20日线', 'RSI处于合理区间', 'MACD金叉', '价格位于布林带中轨上方', '温和上涨']",['无财务数据'],12.6,12.23,66.4,0.2151,0.63
300805.SZ,电声股份,广告包装,14.83,2.2054,80,0,48.0,谨慎关注,★★★,"['均线多头排列', '价格站上20日线', 'RSI处于合理区间', 'MACD金叉', '价格位于布林带中轨上方', '温和上涨']",['无财务数据'],14.46,13.45,65.3,0.8192,1.05
688625.SH,呈和科技,化工原料,69.19,2.2764,80,0,48.0,谨慎关注,★★★,"['均线多头排列', '价格站上20日线', 'RSI处于合理区间', 'MACD金叉', '价格位于布林带中轨上方', '温和上涨']",['无财务数据'],68.94,63.09,65.3,5.0414,0.67
301113.SZ,雅艺科技,家居用品,26.73,0.3755,80,0,48.0,谨慎关注,★★★,"['均线多头排列', '价格站上20日线', 'RSI处于合理区间', 'MACD金叉', '价格位于布林带中轨上方', '温和上涨']",['无财务数据'],26.5,25.89,58.6,0.4223,1.07
301526.SZ,国际复材,玻璃,9.83,0.8205,80,0,48.0,谨慎关注,★★★,"['均线多头排列', '价格站上20日线', 'RSI处于合理区间', 'MACD金叉', '价格位于布林带中轨上方', '温和上涨']",['无财务数据'],9.55,8.53,67.1,0.6343,0.93
301558.SZ,三态股份,互联网,9.58,0.1045,80,0,48.0,谨慎关注,★★★,"['均线多头排列', '价格站上20日线', 'RSI处于合理区间', 'MACD金叉', '价格位于布林带中轨上方', '温和上涨']",['无财务数据'],9.37,9.15,64.8,0.1997,1.02
001328.SZ,登康口腔,日用化工,42.62,0.0235,80,0,48.0,谨慎关注,★★★,"['均线多头排列', '价格站上20日线', 'RSI处于合理区间', 'MACD金叉', '价格位于布林带中轨上方', '温和上涨']",['无财务数据'],42.64,41.21,60.1,0.9242,0.6
000068.SZ,华控赛格,环境保护,3.56,0.0,78,0,46.8,谨慎关注,★★★,"['均线多头排列', '价格站上20日线', 'RSI处于合理区间', 'MACD金叉', '成交量温和放大', '价格位于布林带中轨上方']",['无财务数据'],3.54,3.48,63.0,0.0183,1.26
600661.SH,昂立教育,文教休闲,11.3,1.7102,78,0,46.8,谨慎关注,★★★,"['均线多头排列', '价格站上20日线', 'RSI处于合理区间', 'MACD金叉', '成交量温和放大', '温和上涨']",['无财务数据'],11.11,10.89,68.4,0.1585,1.32
002492.SZ,恒基达鑫,仓储物流,9.26,4.3968,78,0,46.8,谨慎关注,★★★,"['短期均线向上', '价格站上20日线', 'RSI处于合理区间', 'MACD金叉', '成交量温和放大', '价格位于布林带中轨上方', '温和上涨']",['无财务数据'],8.81,8.57,67.1,0.19,1.47
300094.SZ,国联水产,渔业,4.05,2.0151,78,0,46.8,谨慎关注,★★★,"['均线多头排列', '价格站上20日线', 'RSI处于合理区间', 'MACD金叉', '成交量温和放大', '温和上涨']",['无财务数据'],3.91,3.82,62.4,0.0206,1.45
688662.SH,富信科技,元器件,57.7,3.1278,78,0,46.8,谨慎关注,★★★,"['短期均线向上', '价格站上20日线', 'RSI处于合理区间', 'MACD金叉', '成交量温和放大', '价格位于布林带中轨上方', '温和上涨']",['无财务数据'],54.47,54.28,56.9,0.5939,1.35
603163.SH,圣晖集成,建筑工程,118.53,5.9628,78,0,46.8,谨慎关注,★★★,"['均线多头排列', '价格站上20日线', 'MACD金叉', '成交量温和放大', '价格位于布林带中轨上方', '温和上涨']",['无财务数据'],107.89,98.18,71.9,9.4352,1.27
000002.SZ,万科Ａ,全国地产,4.88,-1.6129,75,0,45.0,谨慎关注,★★★,"['均线多头排列', '价格站上20日线', 'RSI处于合理区间', 'MACD金叉', '价格位于布林带中轨上方', '回调买入机会']",['无财务数据'],4.89,4.85,46.0,-0.0183,0.69
000011.SZ,深物业A,房产服务,9.17,-1.1853,75,0,45.0,谨慎关注,★★★,"['均线多头排列', '价格站上20日线', 'RSI处于合理区间', 'MACD金叉', '价格位于布林带中轨上方', '回调买入机会']",['无财务数据'],9.16,8.94,56.3,0.0196,0.77
000012.SZ,南玻Ａ,玻璃,4.71,-1.0504,75,0,45.0,谨慎关注,★★★,"['均线多头排列', '价格站上20日线', 'RSI处于合理区间', 'MACD金叉', '价格位于布林带中轨上方', '回调买入机会']",['无财务数据'],4.72,4.61,59.2,0.0426,0.66
000028.SZ,国药一致,医药商业,26.2,-0.4181,75,0,45.0,谨慎关注,★★★,"['均线多头排列', '价格站上20日线', 'RSI处于合理区间', 'MACD金叉', '价格位于布林带中轨上方', '回调买入机会']",['无财务数据'],26.4,25.87,64.9,0.3485,0.75
000029.SZ,深深房Ａ,区域地产,21.7,-2.9517,75,0,45.0,谨慎关注,★★★,"['均线多头排列', '价格站上20日线', 'RSI处于合理区间', 'MACD金叉', '价格位于布林带中轨上方', '回调买入机会']",['无财务数据'],22.42,21.62,52.0,-0.037,0.61
000031.SZ,大悦城,全国地产,3.53,-5.8667,75,0,45.0,谨慎关注,★★★,"['均线多头排列', '价格站上20日线', 'RSI处于合理区间', 'MACD金叉', '价格位于布林带中轨上方', '回调买入机会']",['无财务数据'],3.7,3.42,57.8,0.1858,0.84
000037.SZ,深南电A,火力发电,9.52,-0.4184,75,0,45.0,谨慎关注,★★★,"['均线多头排列', '价格站上20日线', 'RSI处于合理区间', 'MACD金叉', '价格位于布林带中轨上方', '回调买入机会']",['无财务数据'],9.47,9.2,67.3,0.1976,0.66
000039.SZ,中集集团,运输设备,11.05,-0.8079,75,0,45.0,谨慎关注,★★★,"['均线多头排列', '价格站上20日线', 'RSI处于合理区间', 'MACD金叉', '价格位于布林带中轨上方', '回调买入机会']",['无财务数据'],11.17,10.09,69.3,0.4043,0.66
000045.SZ,深纺织Ａ,元器件,13.14,1.4672,75,0,45.0,谨慎关注,★★★,"['短期均线向上', '价格站上20日线', 'RSI处于超卖反弹区', 'MACD金叉', '价格位于布林带中轨上方', '温和上涨']",['无财务数据'],12.8,12.79,41.6,0.099,1.1
000069.SZ,华侨城Ａ,全国地产,2.73,-2.1505,75,0,45.0,谨慎关注,★★★,"['均线多头排列', '价格站上20日线', 'RSI处于合理区间', 'MACD金叉', '价格位于布林带中轨上方', '回调买入机会']",['无财务数据'],2.76,2.7,52.2,0.0386,0.67
000810.SZ,创维数字,家用电器,12.2,2.6072,75,0,45.0,谨慎关注,★★★,"['价格站上20日线', 'RSI处于合理区间', 'MACD金叉', '成交量显著放大', '价格位于布林带中轨上方', '温和上涨']",['无财务数据'],11.82,12.03,47.3,-0.0825,1.57
000811.SZ,冰轮环境,工程机械,17.58,-0.1136,75,0,45.0,谨慎关注,★★★,"['均线多头排列', '价格站上20日线', 'RSI处于合理区间', 'MACD金叉', '价格位于布林带中轨上方', '回调买入机会']",['无财务数据'],17.41,16.68,59.3,0.2217,0.72
000822.SZ,山东海化,化工原料,6.45,-2.7149,75,0,45.0,谨慎关注,★★★,"['均线多头排列', '价格站上20日线', 'RSI处于合理区间', 'MACD金叉', '价格位于布林带中轨上方', '回调买入机会']",['无财务数据'],6.3,5.83,65.2,0.2214,0.75
000828.SZ,东莞控股,路桥,10.97,-0.3633,75,0,45.0,谨慎关注,★★★,"['均线多头排列', '价格站上20日线', 'RSI处于合理区间', 'MACD金叉', '价格位于布林带中轨上方', '回调买入机会']",['无财务数据'],10.94,10.91,51.4,-0.003,0.69
000848.SZ,承德露露,软饮料,8.55,-0.5814,75,0,45.0,谨慎关注,★★★,"['均线多头排列', '价格站上20日线', 'RSI处于合理区间', 'MACD金叉', '价格位于布林带中轨上方', '回调买入机会']",['无财务数据'],8.59,8.54,52.9,-0.0003,0.54
000856.SZ,冀东装备,专用机械,11.23,-0.2664,75,0,45.0,谨慎关注,★★★,"['均线多头排列', '价格站上20日线', 'RSI处于合理区间', 'MACD金叉', '价格位于布林带中轨上方', '回调买入机会']",['无财务数据'],11.22,10.76,62.1,0.2177,0.53
000858.SZ,五粮液,白酒,106.5,-0.801,75,0,45.0,谨慎关注,★★★,"['均线多头排列', '价格站上20日线', 'RSI处于合理区间', 'MACD金叉', '价格位于布林带中轨上方', '回调买入机会']",['无财务数据'],107.65,105.46,56.7,-0.2788,0.65
000888.SZ,峨眉山Ａ,旅游景点,14.07,-0.7757,75,0,45.0,谨慎关注,★★★,"['均线多头排列', '价格站上20日线', 'RSI处于合理区间', 'MACD金叉', '价格位于布林带中轨上方', '回调买入机会']",['无财务数据'],14.14,13.74,62.3,0.2322,0.68
600229.SH,城市传媒,出版业,7.18,3.1609,75,0,45.0,谨慎关注,★★★,"['均线多头排列', '价格站上20日线', 'MACD金叉', '成交量显著放大', '温和上涨']",['无财务数据'],6.93,6.77,75.0,0.0897,2.15
600233.SH,圆通速递,仓储物流,17.92,-0.6652,75,0,45.0,谨慎关注,★★★,"['均线多头排列', '价格站上20日线', 'RSI处于合理区间', 'MACD金叉', '价格位于布林带中轨上方', '回调买入机会']",['无财务数据'],17.96,17.33,56.4,0.2516,0.66
600235.SH,民丰特纸,造纸,7.21,-0.1385,75,0,45.0,谨慎关注,★★★,"['均线多头排列', '价格站上20日线', 'RSI处于合理区间', 'MACD金叉', '价格位于布林带中轨上方', '回调买入机会']",['无财务数据'],7.13,6.96,64.4,0.0931,0.86
600236.SH,桂冠电力,水力发电,8.55,-2.2857,75,0,45.0,谨慎关注,★★★,"['均线多头排列', '价格站上20日线', 'RSI处于合理区间', 'MACD金叉', '价格位于布林带中轨上方', '回调买入机会']",['无财务数据'],8.61,8.31,56.1,0.2534,0.78
600239.SH,云南城投,区域地产,2.41,-0.4132,75,0,45.0,谨慎关注,★★★,"['均线多头排列', '价格站上20日线', 'RSI处于合理区间', 'MACD金叉', '价格位于布林带中轨上方', '回调买入机会']",['无财务数据'],2.4,2.37,56.4,-0.0063,0.71
600249.SH,两面针,日用化工,6.11,-0.4886,75,0,45.0,谨慎关注,★★★,"['均线多头排列', '价格站上20日线', 'RSI处于合理区间', 'MACD金叉', '价格位于布林带中轨上方', '回调买入机会']",['无财务数据'],6.07,5.98,55.6,0.0148,0.81
600285.SH,羚锐制药,中成药,22.07,-0.3612,75,0,45.0,谨慎关注,★★★,"['均线多头排列', '价格站上20日线', 'RSI处于合理区间', 'MACD金叉', '价格位于布林带中轨上方', '回调买入机会']",['无财务数据'],22.26,21.53,67.4,0.2404,0.49
600293.SH,三峡新材,玻璃,3.73,-1.3228,75,0,45.0,谨慎关注,★★★,"['均线多头排列', '价格站上20日线', 'RSI处于合理区间', 'MACD金叉', '价格位于布林带中轨上方', '回调买入机会']",['无财务数据'],3.67,3.49,67.6,0.1216,0.87
600639.SH,浦东金桥,园区开发,10.78,-0.6452,75,0,45.0,谨慎关注,★★★,"['均线多头排列', '价格站上20日线', 'RSI处于合理区间', 'MACD金叉', '价格位于布林带中轨上方', '回调买入机会']",['无财务数据'],10.77,10.63,49.7,0.0798,0.67
600640.SH,国脉文化,影视音像,15.15,2.5728,75,0,45.0,谨慎关注,★★★,"['均线多头排列', '价格站上20日线', 'MACD金叉', '成交量显著放大', '温和上涨']",['无财务数据'],14.4,14.2,70.6,0.3086,1.77
600648.SH,外高桥,园区开发,10.74,-0.3711,75,0,45.0,谨慎关注,★★★,"['均线多头排列', '价格站上20日线', 'RSI处于合理区间', 'MACD金叉', '价格位于布林带中轨上方', '回调买入机会']",['无财务数据'],10.72,10.58,55.4,0.0753,0.66
600649.SH,城投控股,区域地产,5.32,-2.7422,75,0,45.0,谨慎关注,★★★,"['均线多头排列', '价格站上20日线', 'RSI处于合理区间', 'MACD金叉', '价格位于布林带中轨上方', '回调买入机会']",['无财务数据'],5.49,5.16,47.4,0.2174,0.6
600653.SH,申华控股,汽车服务,1.97,1.0256,75,0,45.0,谨慎关注,★★★,"['价格站上20日线', 'RSI处于合理区间', 'MACD金叉', '成交量显著放大', '价格位于布林带中轨上方', '温和上涨']",['无财务数据'],1.94,1.94,55.6,-0.0041,1.65
600657.SH,信达地产,全国地产,3.6,-1.9074,75,0,45.0,谨慎关注,★★★,"['均线多头排列', '价格站上20日线', 'RSI处于合理区间', 'MACD金叉', '价格位于布林带中轨上方', '回调买入机会']",['无财务数据'],3.57,3.45,57.5,0.0105,0.84
600663.SH,陆家嘴,园区开发,8.41,-0.4734,75,0,45.0,谨慎关注,★★★,"['均线多头排列', '价格站上20日线', 'RSI处于合理区间', 'MACD金叉', '价格位于布林带中轨上方', '回调买入机会']",['无财务数据'],8.36,8.24,51.9,0.0554,0.49
600665.SH,天地源,全国地产,3.63,-0.2747,75,0,45.0,谨慎关注,★★★,"['均线多头排列', '价格站上20日线', 'RSI处于合理区间', 'MACD金叉', '价格位于布林带中轨上方', '回调买入机会']",['无财务数据'],3.61,3.48,69.0,0.0644,0.92
600666.SH,奥瑞德,元器件,3.87,2.381,75,0,45.0,谨慎关注,★★★,"['价格站上20日线', 'RSI处于合理区间', 'MACD金叉', '成交量显著放大', '价格位于布林带中轨上方', '温和上涨']",['无财务数据'],3.61,3.66,56.2,0.0365,2.35
600668.SH,尖峰集团,水泥,11.72,5.301,75,0,45.0,谨慎关注,★★★,"['价格站上20日线', 'RSI处于合理区间', 'MACD金叉', '成交量显著放大', '价格位于布林带中轨上方', '温和上涨']",['无财务数据'],11.22,11.33,53.2,-0.041,3.36
600675.SH,中华企业,区域地产,2.92,-1.3514,75,0,45.0,谨慎关注,★★★,"['均线多头排列', '价格站上20日线', 'RSI处于合理区间', 'MACD金叉', '价格位于布林带中轨上方', '回调买入机会']",['无财务数据'],2.95,2.9,46.9,0.0334,0.69
600684.SH,珠江股份,区域地产,4.95,-0.2016,75,0,45.0,谨慎关注,★★★,"['均线多头排列', '价格站上20日线', 'RSI处于合理区间', 'MACD金叉', '价格位于布林带中轨上方', '回调买入机会']",['无财务数据'],4.97,4.78,55.5,0.1044,0.67
600482.SH,中国动力,船舶,29.85,9.9853,75,0,45.0,谨慎关注,★★★,"['均线多头排列', '价格站上20日线', 'RSI处于合理区间', 'MACD金叉', '成交量显著放大']",['无财务数据'],27.73,26.46,68.0,1.3418,1.61
600981.SH,苏豪汇鸿,商贸代理,3.44,-0.8646,75,0,45.0,谨慎关注,★★★,"['均线多头排列', '价格站上20日线', 'RSI处于合理区间', 'MACD金叉', '价格位于布林带中轨上方', '回调买入机会']",['无财务数据'],3.44,3.38,56.2,0.0384,0.81
600987.SH,航民股份,纺织,8.23,-3.4038,75,0,45.0,谨慎关注,★★★,"['均线多头排列', '价格站上20日线', 'RSI处于合理区间', 'MACD金叉', '价格位于布林带中轨上方', '回调买入机会']",['无财务数据'],8.01,7.47,65.7,0.2789,0.92
600048.SH,保利发展,全国地产,6.89,-2.6836,75,0,45.0,谨慎关注,★★★,"['均线多头排列', '价格站上20日线', 'RSI处于合理区间', 'MACD金叉', '价格位于布林带中轨上方', '回调买入机会']",['无财务数据'],7.06,6.71,58.2,0.1463,0.77
601006.SH,大秦铁路,铁路,5.08,-0.1965,75,0,45.0,谨慎关注,★★★,"['均线多头排列', '价格站上20日线', 'RSI处于合理区间', 'MACD金叉', '价格位于布林带中轨上方', '回调买入机会']",['无财务数据'],5.09,5.04,60.9,-0.0375,0.49
002282.SZ,博深股份,机械基件,7.84,-0.1274,75,0,45.0,谨慎关注,★★★,"['均线多头排列', '价格站上20日线', 'RSI处于合理区间', 'MACD金叉', '价格位于布林带中轨上方', '回调买入机会']",['无财务数据'],7.81,7.72,52.4,0.0807,0.65
002278.SZ,神开股份,化工机械,13.99,-1.4789,75,0,45.0,谨慎关注,★★★,"['均线多头排列', '价格站上20日线', 'RSI处于合理区间', 'MACD金叉', '价格位于布林带中轨上方', '回调买入机会']",['无财务数据'],14.13,13.5,60.7,0.3239,0.65
002286.SZ,保龄宝,食品,10.48,-0.4748,75,0,45.0,谨慎关注,★★★,"['均线多头排列', '价格站上20日线', 'RSI处于合理区间', 'MACD金叉', '价格位于布林带中轨上方', '回调买入机会']",['无财务数据'],10.52,10.03,61.3,0.2535,0.6
002291.SZ,遥望科技,广告包装,8.51,-4.0586,75,0,45.0,谨慎关注,★★★,"['均线多头排列', '价格站上20日线', 'RSI处于合理区间', 'MACD金叉', '价格位于布林带中轨上方', '回调买入机会']",['无财务数据'],8.65,7.86,63.3,0.4518,0.85
002294.SZ,信立泰,化学制药,52.36,6.879,75,0,45.0,谨慎关注,★★★,"['价格站上20日线', 'RSI处于合理区间', 'MACD金叉', '成交量显著放大', '价格位于布林带中轨上方', '温和上涨']",['无财务数据'],48.9,49.23,52.9,-1.2983,1.52
002297.SZ,博云新材,航空,12.77,-0.6998,75,0,45.0,谨慎关注,★★★,"['均线多头排列', '价格站上20日线', 'RSI处于合理区间', 'MACD金叉', '价格位于布林带中轨上方', '回调买入机会']",['无财务数据'],12.88,12.31,57.7,0.3297,0.63
002467.SZ,二六三,互联网,7.24,-2.4259,75,0,45.0,谨慎关注,★★★,"['均线多头排列', '价格站上20日线', 'RSI处于合理区间', 'MACD金叉', '价格位于布林带中轨上方', '回调买入机会']",['无财务数据'],7.16,6.8,62.3,0.2271,0.85
002441.SZ,众业达,电气设备,10.7,-3.4296,75,0,45.0,谨慎关注,★★★,"['均线多头排列', '价格站上20日线', 'RSI处于合理区间', 'MACD金叉', '价格位于布林带中轨上方', '回调买入机会']",['无财务数据'],10.88,10.18,59.5,0.3287,0.7
300081.SZ,恒信东方,文教休闲,5.81,2.109,75,0,45.0,谨慎关注,★★★,"['价格站上20日线', 'RSI处于合理区间', 'MACD金叉', '成交量显著放大', '价格位于布林带中轨上方', '温和上涨']",['无财务数据'],5.49,5.58,55.6,-0.025,1.58
300321.SZ,同大股份,塑料,43.31,-0.8698,75,0,45.0,谨慎关注,★★★,"['均线多头排列', '价格站上20日线', 'RSI处于合理区间', 'MACD金叉', '价格位于布林带中轨上方', '回调买入机会']",['无财务数据'],42.97,41.84,60.0,-0.2125,0.95
002593.SZ,日上集团,钢加工,5.99,-0.6633,75,0,45.0,谨慎关注,★★★,"['均线多头排列', '价格站上20日线', 'RSI处于合理区间', 'MACD金叉', '价格位于布林带中轨上方', '回调买入机会']",['无财务数据'],6.03,5.89,57.9,0.0166,0.64
002598.SZ,山东章鼓,机械基件,10.14,-0.5882,75,0,45.0,谨慎关注,★★★,"['均线多头排列', '价格站上20日线', 'RSI处于合理区间', 'MACD金叉', '价格位于布林带中轨上方', '回调买入机会']",['无财务数据'],10.12,9.95,54.0,-0.0264,0.79
002911.SZ,佛燃能源,供气供热,14.45,-2.7591,75,0,45.0,谨慎关注,★★★,"['均线多头排列', '价格站上20日线', 'RSI处于合理区间', 'MACD金叉', '价格位于布林带中轨上方', '回调买入机会']",['无财务数据'],14.59,13.77,68.1,0.5544,0.98
002728.SZ,特一药业,中成药,12.97,-0.841,75,0,45.0,谨慎关注,★★★,"['均线多头排列', '价格站上20日线', 'RSI处于合理区间', 'MACD金叉', '价格位于布林带中轨上方', '回调买入机会']",['无财务数据'],12.63,12.2,61.5,0.2598,0.98
002724.SZ,海洋王,元器件,7.53,-0.7905,75,0,45.0,谨慎关注,★★★,"['均线多头排列', '价格站上20日线', 'RSI处于合理区间', 'MACD金叉', '价格位于布林带中轨上方', '回调买入机会']",['无财务数据'],7.52,7.23,65.4,0.1608,0.73
300359.SZ,全通教育,文教休闲,6.12,3.7288,75,0,45.0,谨慎关注,★★★,"['短期均线向上', '价格站上20日线', 'RSI处于合理区间', 'MACD金叉', '成交量显著放大', '温和上涨']",['无财务数据'],5.82,5.73,69.6,0.078,1.62
300405.SZ,科隆股份,化工原料,7.1,-0.1406,75,0,45.0,谨慎关注,★★★,"['均线多头排列', '价格站上20日线', 'RSI处于合理区间', 'MACD金叉', '价格位于布林带中轨上方', '回调买入机会']",['无财务数据'],7.02,6.8,57.1,0.0925,0.58
601865.SH,福莱特,玻璃,17.53,-1.7927,75,0,45.0,谨慎关注,★★★,"['均线多头排列', '价格站上20日线', 'RSI处于合理区间', 'MACD金叉', '价格位于布林带中轨上方', '回调买入机会']",['无财务数据'],17.36,16.88,56.8,0.2821,0.73
603158.SH,腾龙股份,汽车配件,10.93,-0.546,75,0,45.0,谨慎关注,★★★,"['均线多头排列', '价格站上20日线', 'RSI处于合理区间', 'MACD金叉', '价格位于布林带中轨上方', '回调买入机会']",['无财务数据'],10.96,10.76,55.0,0.1125,0.66
002802.SZ,洪汇新材,化工原料,13.86,-1.3523,75,0,45.0,谨慎关注,★★★,"['均线多头排列', '价格站上20日线', 'RSI处于合理区间', 'MACD金叉', '价格位于布林带中轨上方', '回调买入机会']",['无财务数据'],13.81,13.3,65.1,0.2841,0.87
603010.SH,万盛股份,化工原料,12.0,-0.3322,75,0,45.0,谨慎关注,★★★,"['均线多头排列', '价格站上20日线', 'RSI处于合理区间', 'MACD金叉', '价格位于布林带中轨上方', '回调买入机会']",['无财务数据'],11.96,11.28,69.1,0.3566,0.6
300537.SZ,广信材料,染料涂料,25.62,-1.7638,75,0,45.0,谨慎关注,★★★,"['均线多头排列', '价格站上20日线', 'RSI处于合理区间', 'MACD金叉', '价格位于布林带中轨上方', '回调买入机会']",['无财务数据'],25.7,24.63,57.1,0.5779,0.91
002772.SZ,众兴菌业,种植业,17.6,-2.2222,75,0,45.0,谨慎关注,★★★,"['均线多头排列', '价格站上20日线', 'RSI处于合理区间', 'MACD金叉', '价格位于布林带中轨上方', '回调买入机会']",['无财务数据'],17.54,16.25,67.1,0.807,1.02
603033.SH,三维股份,橡胶,11.22,-2.8571,75,0,45.0,谨慎关注,★★★,"['均线多头排列', '价格站上20日线', 'RSI处于合理区间', 'MACD金叉', '价格位于布林带中轨上方', '回调买入机会']",['无财务数据'],11.4,10.97,61.2,0.1732,1.02
603027.SH,千禾味业,食品,10.69,-1.9266,75,0,45.0,谨慎关注,★★★,"['均线多头排列', '价格站上20日线', 'RSI处于合理区间', 'MACD金叉', '价格位于布林带中轨上方', '回调买入机会']",['无财务数据'],10.82,10.27,60.1,0.225,0.61
603258.SH,电魂网络,互联网,19.68,2.5534,75,0,45.0,谨慎关注,★★★,"['价格站上20日线', 'RSI处于合理区间', 'MACD金叉', '成交量显著放大', '价格位于布林带中轨上方', '温和上涨']",['无财务数据'],18.96,19.22,59.2,-0.0396,1.73
603029.SH,天鹅股份,农用机械,20.15,-1.5633,75,0,45.0,谨慎关注,★★★,"['均线多头排列', '价格站上20日线', 'RSI处于合理区间', 'MACD金叉', '价格位于布林带中轨上方', '回调买入机会']",['无财务数据'],20.1,19.67,57.7,0.3512,0.74
002812.SZ,恩捷股份,电气设备,57.5,-1.0327,75,0,45.0,谨慎关注,★★★,"['均线多头排列', '价格站上20日线', 'RSI处于合理区间', 'MACD金叉', '价格位于布林带中轨上方', '回调买入机会']",['无财务数据'],55.64,52.71,65.0,0.8234,0.68
603180.SH,金牌家居,家居用品,21.1,-0.7526,75,0,45.0,谨慎关注,★★★,"['均线多头排列', '价格站上20日线', 'RSI处于合理区间', 'MACD金叉', '价格位于布林带中轨上方', '回调买入机会']",['无财务数据'],21.05,20.71,62.6,0.1302,0.91
603041.SH,美思德,化工原料,13.42,-0.7396,75,0,45.0,谨慎关注,★★★,"['均线多头排列', '价格站上20日线', 'RSI处于合理区间', 'MACD金叉', '价格位于布林带中轨上方', '回调买入机会']",['无财务数据'],13.32,12.97,61.8,0.2577,1.17
603113.SH,金能科技,化工原料,7.12,-0.6974,75,0,45.0,谨慎关注,★★★,"['均线多头排列', '价格站上20日线', 'RSI处于合理区间', 'MACD金叉', '价格位于布林带中轨上方', '回调买入机会']",['无财务数据'],7.13,6.81,64.5,0.2019,0.63
603232.SH,格尔软件,软件服务,26.75,-5.1082,75,0,45.0,谨慎关注,★★★,"['均线多头排列', '价格站上20日线', 'RSI处于合理区间', 'MACD金叉', '价格位于布林带中轨上方', '回调买入机会']",['无财务数据'],26.21,24.31,63.8,0.6695,0.73
603058.SH,永吉股份,广告包装,13.53,10.0,75,0,45.0,谨慎关注,★★★,"['均线多头排列', '价格站上20日线', 'RSI处于合理区间', 'MACD金叉', '成交量显著放大']",['无财务数据'],12.04,11.21,68.9,0.6305,1.52
002860.SZ,星帅尔,家用电器,14.43,-0.9609,75,0,45.0,谨慎关注,★★★,"['均线多头排列', '价格站上20日线', 'RSI处于合理区间', 'MACD金叉', '价格位于布林带中轨上方', '回调买入机会']",['无财务数据'],14.64,14.23,57.2,0.1517,0.57
300588.SZ,熙菱信息,IT设备,27.63,5.9433,75,0,45.0,谨慎关注,★★★,"['价格站上20日线', 'RSI处于合理区间', 'MACD金叉', '成交量显著放大', '价格位于布林带中轨上方', '温和上涨']",['无财务数据'],25.89,26.73,51.9,-0.4505,1.83
603717.SH,天域生物,农业综合,7.93,-0.3769,75,0,45.0,谨慎关注,★★★,"['均线多头排列', '价格站上20日线', 'RSI处于合理区间', 'MACD金叉', '价格位于布林带中轨上方', '回调买入机会']",['无财务数据'],7.86,7.75,61.0,-0.0117,0.84
002999.SZ,天禾股份,批发业,7.54,-0.3963,75,0,45.0,谨慎关注,★★★,"['均线多头排列', '价格站上20日线', 'RSI处于合理区间', 'MACD金叉', '价格位于布林带中轨上方', '回调买入机会']",['无财务数据'],7.51,7.32,66.4,0.1543,0.49
002945.SZ,华林证券,证券,19.77,-3.0882,75,0,45.0,谨慎关注,★★★,"['均线多头排列', '价格站上20日线', 'RSI处于合理区间', 'MACD金叉', '价格位于布林带中轨上方', '回调买入机会']",['无财务数据'],20.0,18.42,65.0,0.8933,0.58
002958.SZ,青农商行,银行,3.19,-0.9317,75,0,45.0,谨慎关注,★★★,"['均线多头排列', '价格站上20日线', 'RSI处于合理区间', 'MACD金叉', '价格位于布林带中轨上方', '回调买入机会']",['无财务数据'],3.16,3.12,61.4,0.0106,0.72
601528.SH,瑞丰银行,银行,5.57,-0.3578,75,0,45.0,谨慎关注,★★★,"['均线多头排列', '价格站上20日线', 'RSI处于合理区间', 'MACD金叉', '价格位于布林带中轨上方', '回调买入机会']",['无财务数据'],5.54,5.46,62.7,0.0066,0.65
601860.SH,紫金银行,银行,2.82,-0.3534,75,0,45.0,谨慎关注,★★★,"['均线多头排列', '价格站上20日线', 'RSI处于合理区间', 'MACD金叉', '价格位于布林带中轨上方', '回调买入机会']",['无财务数据'],2.81,2.79,63.0,0.0092,0.82
605158.SH,华达新材,钢加工,8.47,-0.9357,75,0,45.0,谨慎关注,★★★,"['均线多头排列', '价格站上20日线', 'RSI处于合理区间', 'MACD金叉', '价格位于布林带中轨上方', '回调买入机会']",['无财务数据'],8.64,8.46,45.7,0.1085,0.73
605299.SH,舒华体育,文教休闲,12.3,1.99,75,0,45.0,谨慎关注,★★★,"['短期均线向上', '价格站上20日线', 'RSI处于超卖反弹区', 'MACD金叉', '价格位于布林带中轨上方', '温和上涨']",['无财务数据'],12.0,11.9,40.5,0.0423,0.98
601963.SH,重庆银行,银行,10.61,-1.0261,75,0,45.0,谨慎关注,★★★,"['均线多头排列', '价格站上20日线', 'RSI处于合理区间', 'MACD金叉', '价格位于布林带中轨上方', '回调买入机会']",['无财务数据'],10.64,10.41,58.5,-0.0103,0.66
300860.SZ,锋尚文化,文教休闲,30.27,2.9592,75,0,45.0,谨慎关注,★★★,"['短期均线向上', '价格站上20日线', 'RSI处于合理区间', 'MACD金叉', '成交量显著放大', '温和上涨']",['无财务数据'],29.02,28.72,66.2,0.2184,2.03
002973.SZ,侨银股份,环境保护,15.12,-0.5917,75,0,45.0,谨慎关注,★★★,"['均线多头排列', '价格站上20日线', 'RSI处于合理区间', 'MACD金叉', '价格位于布林带中轨上方', '回调买入机会']",['无财务数据'],15.02,14.62,49.7,0.2764,1.19
003816.SZ,中国广核,新型电力,3.9,-0.5102,75,0,45.0,谨慎关注,★★★,"['均线多头排列', '价格站上20日线', 'RSI处于合理区间', 'MACD金叉', '价格位于布林带中轨上方', '回调买入机会']",['无财务数据'],3.92,3.88,53.1,0.013,0.48
300825.SZ,阿尔特,汽车服务,10.5,0.3824,75,0,45.0,谨慎关注,★★★,"['价格站上20日线', 'RSI处于合理区间', 'MACD金叉', '成交量显著放大', '价格位于布林带中轨上方', '温和上涨']",['无财务数据'],10.26,10.38,48.8,-0.0145,1.53
002972.SZ,科安达,运输设备,12.76,-0.2346,75,0,45.0,谨慎关注,★★★,"['均线多头排列', '价格站上20日线', 'RSI处于合理区间', 'MACD金叉', '价格位于布林带中轨上方', '回调买入机会']",['无财务数据'],12.66,12.39,63.1,0.1446,0.85
300932.SZ,三友联众,电气设备,13.71,-2.3504,75,0,45.0,谨慎关注,★★★,"['均线多头排列', '价格站上20日线', 'RSI处于合理区间', 'MACD金叉', '价格位于布林带中轨上方', '回调买入机会']",['无财务数据'],13.84,13.57,54.7,0.2796,0.64
300923.SZ,研奥股份,运输设备,29.11,-0.6485,75,0,45.0,谨慎关注,★★★,"['均线多头排列', '价格站上20日线', 'RSI处于合理区间', 'MACD金叉', '价格位于布林带中轨上方', '回调买入机会']",['无财务数据'],28.93,27.89,67.7,0.7398,0.83
003029.SZ,吉大正元,软件服务,26.48,5.2464,75,0,45.0,谨慎关注,★★★,"['价格站上20日线', 'RSI处于合理区间', 'MACD金叉', '成交量显著放大', '价格位于布林带中轨上方', '温和上涨']",['无财务数据'],25.18,25.42,64.7,-0.3516,2.92
301006.SZ,迈拓股份,电器仪表,18.85,-0.5277,75,0,45.0,谨慎关注,★★★,"['均线多头排列', '价格站上20日线', 'RSI处于合理区间', 'MACD金叉', '价格位于布林带中轨上方', '回调买入机会']",['无财务数据'],18.65,18.16,63.8,0.4176,0.88
605567.SH,春雪食品,食品,11.98,-1.7227,75,0,45.0,谨慎关注,★★★,"['均线多头排列', '价格站上20日线', 'RSI处于合理区间', 'MACD金叉', '价格位于布林带中轨上方', '回调买入机会']",['无财务数据'],12.02,11.69,59.0,0.2179,0.87
301109.SZ,军信股份,环境保护,15.87,-0.3766,75,0,45.0,谨慎关注,★★★,"['均线多头排列', '价格站上20日线', 'RSI处于合理区间', 'MACD金叉', '价格位于布林带中轨上方', '回调买入机会']",['无财务数据'],15.75,15.6,52.4,0.123,0.86
001316.SZ,润贝航科,批发业,56.84,-3.9703,75,0,45.0,谨慎关注,★★★,"['均线多头排列', '价格站上20日线', 'RSI处于合理区间', 'MACD金叉', '价格位于布林带中轨上方', '回调买入机会']",['无财务数据'],59.67,50.24,64.3,5.1155,0.77
001366.SZ,播恩集团,饲料,14.99,-2.5358,75,0,45.0,谨慎关注,★★★,"['均线多头排列', '价格站上20日线', 'RSI处于合理区间', 'MACD金叉', '价格位于布林带中轨上方', '回调买入机会']",['无财务数据'],14.87,14.18,66.9,0.3648,1.03
301273.SZ,瑞晨环保,机械基件,31.65,-1.4326,75,0,45.0,谨慎关注,★★★,"['均线多头排列', '价格站上20日线', 'RSI处于合理区间', 'MACD金叉', '价格位于布林带中轨上方', '回调买入机会']",['无财务数据'],31.24,29.59,68.2,1.0463,0.82
301388.SZ,欣灵电气,电气设备,34.8,-3.3333,75,0,45.0,谨慎关注,★★★,"['均线多头排列', '价格站上20日线', 'RSI处于合理区间', 'MACD金叉', '价格位于布林带中轨上方', '回调买入机会']",['无财务数据'],35.19,34.15,52.4,0.7793,0.78
603255.SH,鼎际得,化工原料,32.9,-1.8204,75,0,45.0,谨慎关注,★★★,"['均线多头排列', '价格站上20日线', 'RSI处于合理区间', 'MACD金叉', '价格位于布林带中轨上方', '回调买入机会']",['无财务数据'],33.31,32.38,58.6,0.6356,0.77
603172.SH,万丰股份,染料涂料,25.77,-2.7914,75,0,45.0,谨慎关注,★★★,"['均线多头排列', '价格站上20日线', 'RSI处于合理区间', 'MACD金叉', '价格位于布林带中轨上方', '回调买入机会']",['无财务数据'],26.07,23.11,62.7,2.0998,1.09
920261.BJ,一诺威,化工原料,17.0,-3.9005,75,0,45.0,谨慎关注,★★★,"['均线多头排列', '价格站上20日线', 'RSI处于合理区间', 'MACD金叉', '价格位于布林带中轨上方', '回调买入机会']",['无财务数据'],17.41,16.64,53.1,0.5089,0.76
603120.SH,肯特催化,化工原料,43.82,-2.6871,75,0,45.0,谨慎关注,★★★,"['均线多头排列', '价格站上20日线', 'RSI处于合理区间', 'MACD金叉', '价格位于布林带中轨上方', '回调买入机会']",['无财务数据'],44.91,42.94,58.2,1.3051,0.7
001386.SZ,马可波罗,家居用品,25.58,-2.5524,75,0,45.0,谨慎关注,★★★,"['均线多头排列', '价格站上20日线', 'RSI处于合理区间', 'MACD金叉', '价格位于布林带中轨上方', '回调买入机会']",['无财务数据'],26.29,24.58,62.0,0.6847,0.72
603334.SH,丰倍生物,化工原料,56.75,-3.2065,75,0,45.0,谨慎关注,★★★,"['均线多头排列', '价格站上20日线', 'RSI处于合理区间', 'MACD金叉', '价格位于布林带中轨上方', '回调买入机会']",['无财务数据'],57.49,51.67,64.8,2.6266,0.89
600234.SH,科新发展,装修装饰,14.87,-0.5351,73,0,43.8,观望,★★,"['均线多头排列', '价格站上20日线', 'MACD金叉', '成交量温和放大', '价格位于布林带中轨上方', '回调买入机会']",['无财务数据'],14.62,13.79,74.3,0.481,1.24
000042.SZ,中洲控股,全国地产,9.29,0.7592,70,0,42.0,观望,★★,"['均线多头排列', '价格站上20日线', 'MACD金叉', '价格位于布林带中轨上方', '温和上涨']",['无财务数据'],9.13,8.48,71.7,0.2783,0.72
000886.SZ,海南高速,区域地产,6.75,1.6566,70,0,42.0,观望,★★,"['均线多头排列', '价格站上20日线', 'RSI处于合理区间', 'MACD金叉', '温和上涨']",['无财务数据'],6.65,6.53,63.6,-0.0487,1.08
000889.SZ,中嘉博创,通信设备,3.82,0.5263,70,0,42.0,观望,★★,"['短期均线向上', '价格站上20日线', 'RSI处于合理区间', 'MACD金叉', '价格位于布林带中轨上方', '温和上涨']",['无财务数据'],3.71,3.69,59.5,0.0045,1.13
000890.SZ,法尔胜,环境保护,5.5,0.365,70,0,42.0,观望,★★,"['短期均线向上', '价格站上20日线', 'RSI处于合理区间', 'MACD金叉', '价格位于布林带中轨上方', '温和上涨']",['无财务数据'],5.4,5.33,58.5,0.0114,1.02
600223.SH,福瑞达,日用化工,7.59,0.1319,70,0,42.0,观望,★★,"['短期均线向上', '价格站上20日线', 'RSI处于合理区间', 'MACD金叉', '价格位于布林带中轨上方', '温和上涨']",['无财务数据'],7.57,7.53,56.4,0.0191,0.82
600287.SH,苏豪时尚,商贸代理,6.1,0.1642,70,0,42.0,观望,★★,"['均线多头排列', '价格站上20日线', 'MACD金叉', '价格位于布林带中轨上方', '温和上涨']",['无财务数据'],6.05,5.91,71.2,0.0947,0.89
600292.SH,电投水电,水力发电,14.08,1.6606,70,0,42.0,观望,★★,"['均线多头排列', '价格站上20日线', 'RSI处于合理区间', 'MACD金叉', '温和上涨']",['无财务数据'],13.72,13.57,64.6,0.1485,1.17
600683.SH,京投发展,区域地产,6.68,0.3003,70,0,42.0,观望,★★,"['均线多头排列', '价格站上20日线', 'MACD金叉', '价格位于布林带中轨上方', '温和上涨']",['无财务数据'],6.4,5.05,82.7,0.5329,0.99
600689.SH,上海三毛,综合类,14.29,0.7757,70,0,42.0,观望,★★,"['短期均线向上', '价格站上20日线', 'RSI处于合理区间', 'MACD金叉', '价格位于布林带中轨上方', '温和上涨']",['无财务数据'],14.0,13.86,54.5,0.0434,1.06
600690.SH,海尔智家,家用电器,26.15,0.7319,70,0,42.0,观望,★★,"['短期均线向上', '价格站上20日线', 'RSI处于合理区间', 'MACD金叉', '价格位于布林带中轨上方', '温和上涨']",['无财务数据'],26.11,25.74,53.8,-0.1037,0.63
300150.SZ,世纪瑞尔,软件服务,6.05,1.34,70,0,42.0,观望,★★,"['均线多头排列', '价格站上20日线', 'RSI处于合理区间', 'MACD金叉', '温和上涨']",['无财务数据'],5.94,5.79,68.7,0.1084,0.94
002068.SZ,黑猫股份,化工原料,9.72,1.8868,70,0,42.0,观望,★★,"['短期均线向上', '价格站上20日线', 'RSI处于合理区间', 'MACD金叉', '价格位于布林带中轨上方', '温和上涨']",['无财务数据'],9.49,9.31,61.3,0.1177,0.93
300353.SZ,东土科技,通信设备,23.9,0.2937,70,0,42.0,观望,★★,"['短期均线向上', '价格站上20日线', 'RSI处于合理区间', 'MACD金叉', '价格位于布林带中轨上方', '温和上涨']",['无财务数据'],23.59,23.11,59.1,0.4217,0.96
002307.SZ,北新路桥,建筑工程,5.05,1.2024,70,0,42.0,观望,★★,"['短期均线向上', '价格站上20日线', 'RSI处于合理区间', 'MACD金叉', '价格位于布林带中轨上方', '温和上涨']",['无财务数据'],5.06,5.04,50.4,-0.0288,1.04
002303.SZ,美盈森,造纸,4.22,0.4762,70,0,42.0,观望,★★,"['短期均线向上', '价格站上20日线', 'RSI处于合理区间', 'MACD金叉', '价格位于布林带中轨上方', '温和上涨']",['无财务数据'],4.18,4.14,57.1,0.0168,0.93
601018.SH,宁波港,港口,4.14,0.7299,70,0,42.0,观望,★★,"['均线多头排列', '价格站上20日线', 'MACD金叉', '价格位于布林带中轨上方', '温和上涨']",['无财务数据'],4.11,3.85,89.5,0.113,0.73
300126.SZ,锐奇股份,轻工机械,9.07,-0.3297,70,0,42.0,观望,★★,"['短期均线向上', '价格站上20日线', 'RSI处于超卖反弹区', 'MACD金叉', '价格位于布林带中轨上方', '回调买入机会']",['无财务数据'],8.97,8.96,41.2,0.0455,0.84
002587.SZ,奥拓电子,元器件,7.1,1.1396,70,0,42.0,观望,★★,"['短期均线向上', '价格站上20日线', 'RSI处于合理区间', 'MACD金叉', '价格位于布林带中轨上方', '温和上涨']",['无财务数据'],6.95,6.94,52.8,0.0498,1.17
002608.SZ,江苏国信,火力发电,7.76,0.0,70,0,42.0,观望,★★,"['均线多头排列', '价格站上20日线', 'RSI处于合理区间', 'MACD金叉', '价格位于布林带中轨上方']",['无财务数据'],7.73,7.69,50.0,0.0118,0.87
603609.SH,禾丰股份,饲料,7.43,0.0,70,0,42.0,观望,★★,"['均线多头排列', '价格站上20日线', 'RSI处于合理区间', 'MACD金叉', '价格位于布林带中轨上方']",['无财务数据'],7.42,7.36,56.2,0.04,0.78
603309.SH,维力医疗,医疗保健,14.98,0.2677,70,0,42.0,观望,★★,"['短期均线向上', '价格站上20日线', 'RSI处于合理区间', 'MACD金叉', '价格位于布林带中轨上方', '温和上涨']",['无财务数据'],14.76,14.53,57.8,0.212,0.6
300461.SZ,田中精机,专用机械,48.92,0.4517,70,0,42.0,观望,★★,"['均线多头排列', '价格站上20日线', 'MACD金叉', '价格位于布林带中轨上方', '温和上涨']",['无财务数据'],45.09,32.62,82.7,6.8718,1.15
300583.SZ,赛托生物,化学制药,15.1,0.2656,70,0,42.0,观望,★★,"['短期均线向上', '价格站上20日线', 'RSI处于合理区间', 'MACD金叉', '价格位于布林带中轨上方', '温和上涨']",['无财务数据'],14.9,14.67,61.0,0.1453,0.82
603139.SH,康惠股份,中成药,24.24,1.0,70,0,42.0,观望,★★,"['均线多头排列', '价格站上20日线', 'MACD金叉', '价格位于布林带中轨上方', '温和上涨']",['无财务数据'],23.74,22.84,73.2,0.6268,0.98
603661.SH,恒林股份,家居用品,35.37,0.9706,70,0,42.0,观望,★★,"['均线多头排列', '价格站上20日线', 'MACD金叉', '价格位于布林带中轨上方', '温和上涨']",['无财务数据'],35.0,33.98,72.4,0.6554,0.62
603676.SH,卫信康,化学制药,11.43,0.4394,70,0,42.0,观望,★★,"['短期均线向上', '价格站上20日线', 'RSI处于合理区间', 'MACD金叉', '价格位于布林带中轨上方', '温和上涨']",['无财务数据'],11.31,11.25,52.6,0.0659,0.7
002966.SZ,苏州银行,银行,8.38,0.3593,70,0,42.0,观望,★★,"['均线多头排列', '价格站上20日线', 'MACD金叉', '价格位于布林带中轨上方', '温和上涨']",['无财务数据'],8.34,8.15,72.5,0.0428,0.76
002948.SZ,青岛银行,银行,5.56,0.1802,70,0,42.0,观望,★★,"['均线多头排列', '价格站上20日线', 'MACD金叉', '价格位于布林带中轨上方', '温和上涨']",['无财务数据'],5.54,4.85,97.0,0.2805,0.63
300943.SZ,春晖智控,机械基件,35.42,4.3606,70,0,42.0,观望,★★,"['均线多头排列', '价格站上20日线', 'RSI处于合理区间', 'MACD金叉', '温和上涨']",['无财务数据'],33.16,28.86,65.0,2.7952,1.05
603871.SH,嘉友国际,仓储物流,14.15,1.0714,70,0,42.0,观望,★★,"['短期均线向上', '价格站上20日线', 'RSI处于合理区间', 'MACD金叉', '价格位于布林带中轨上方', '温和上涨']",['无财务数据'],13.92,13.88,50.4,0.0152,0.87
002936.SZ,郑州银行,银行,1.93,0.0,70,0,42.0,观望,★★,"['均线多头排列', '价格站上20日线', 'RSI处于合理区间', 'MACD金叉', '价格位于布林带中轨上方']",['无财务数据'],1.92,1.91,63.6,-0.0057,0.67
002864.SZ,盘龙药业,中成药,37.32,1.6617,70,0,42.0,观望,★★,"['短期均线向上', '价格站上20日线', 'RSI处于合理区间', 'MACD金叉', '价格位于布林带中轨上方', '温和上涨']",['无财务数据'],36.62,36.26,56.6,0.6838,0.99
603590.SH,康辰药业,生物制药,43.5,0.8813,70,0,42.0,观望,★★,"['短期均线向上', '价格站上20日线', 'RSI处于合理区间', 'MACD金叉', '价格位于布林带中轨上方', '温和上涨']",['无财务数据'],42.54,42.04,49.3,-0.0365,1.19
002959.SZ,小熊电器,家用电器,44.95,0.1783,70,0,42.0,观望,★★,"['短期均线向上', '价格站上20日线', 'RSI处于合理区间', 'MACD金叉', '价格位于布林带中轨上方', '温和上涨']",['无财务数据'],44.61,44.19,48.3,0.2147,0.63
300819.SZ,聚杰微纤,纺织,43.8,4.0627,70,0,42.0,观望,★★,"['均线多头排列', '价格站上20日线', 'RSI处于合理区间', 'MACD金叉', '温和上涨']",['无财务数据'],41.11,38.95,62.9,2.1039,0.95
002971.SZ,和远气体,化工原料,31.67,-1.0622,70,0,42.0,观望,★★,"['短期均线向上', '价格站上20日线', 'RSI处于超卖反弹区', 'MACD金叉', '价格位于布林带中轨上方', '回调买入机会']",['无财务数据'],31.49,31.28,43.5,0.0183,0.89
603195.SH,公牛集团,家用电器,43.26,0.0,70,0,42.0,观望,★★,"['均线多头排列', '价格站上20日线', 'RSI处于合理区间', 'MACD金叉', '价格位于布林带中轨上方']",['无财务数据'],43.61,42.48,58.3,0.4005,0.5
605055.SH,迎丰股份,纺织,9.85,1.9669,70,0,42.0,观望,★★,"['短期均线向上', '价格站上20日线', 'RSI处于合理区间', 'MACD金叉', '价格位于布林带中轨上方', '温和上涨']",['无财务数据'],9.61,9.34,69.2,0.0138,1.14
605122.SH,四方新材,水泥,13.94,0.0,70,0,42.0,观望,★★,"['均线多头排列', '价格站上20日线', 'RSI处于合理区间', 'MACD金叉', '价格位于布林带中轨上方']",['无财务数据'],13.91,13.49,63.2,0.1979,1.01
003015.SZ,日久光电,元器件,16.85,1.1405,70,0,42.0,观望,★★,"['短期均线向上', '价格站上20日线', 'RSI处于合理区间', 'MACD金叉', '价格位于布林带中轨上方', '温和上涨']",['无财务数据'],16.51,16.24,55.6,0.1418,1.04
605005.SH,合兴股份,汽车配件,19.23,0.9449,70,0,42.0,观望,★★,"['短期均线向上', '价格站上20日线', 'RSI处于合理区间', 'MACD金叉', '价格位于布林带中轨上方', '温和上涨']",['无财务数据'],19.08,19.0,57.8,-0.0117,1.04
601658.SH,邮储银行,银行,5.2,0.3861,70,0,42.0,观望,★★,"['短期均线向上', '价格站上20日线', 'RSI处于合理区间', 'MACD金叉', '价格位于布林带中轨上方', '温和上涨']",['无财务数据'],5.17,5.12,62.0,-0.053,0.79
605258.SH,协和电子,元器件,33.87,0.5343,70,0,42.0,观望,★★,"['短期均线向上', '价格站上20日线', 'RSI处于合理区间', 'MACD金叉', '价格位于布林带中轨上方', '温和上涨']",['无财务数据'],33.45,33.33,47.9,0.266,1.01
688329.SH,艾隆科技,专用机械,26.2,0.6918,70,0,42.0,观望,★★,"['均线多头排列', '价格站上20日线', 'MACD金叉', '价格位于布林带中轨上方', '温和上涨']",['无财务数据'],25.7,24.68,72.3,0.8579,0.97
605033.SH,美邦股份,农药化肥,21.54,0.0,70,0,42.0,观望,★★,"['均线多头排列', '价格站上20日线', 'RSI处于合理区间', 'MACD金叉', '价格位于布林带中轨上方']",['无财务数据'],21.37,20.88,58.3,0.255,0.74
301162.SZ,国能日新,软件服务,76.86,0.51,70,0,42.0,观望,★★,"['均线多头排列', '价格站上20日线', 'MACD金叉', '价格位于布林带中轨上方', '温和上涨']",['无财务数据'],75.46,68.28,70.7,4.7306,0.71
001234.SZ,泰慕士,服饰,28.27,1.0726,70,0,42.0,观望,★★,"['短期均线向上', '价格站上20日线', 'RSI处于合理区间', 'MACD金叉', '价格位于布林带中轨上方', '温和上涨']",['无财务数据'],27.86,27.68,55.3,-0.0722,0.92
301516.SZ,中远通,电气设备,16.93,0.4748,70,0,42.0,观望,★★,"['短期均线向上', '价格站上20日线', 'RSI处于合理区间', 'MACD金叉', '价格位于布林带中轨上方', '温和上涨']",['无财务数据'],16.66,16.65,52.4,0.0838,1.04
688583.SH,思看科技,电器仪表,155.5,2.9801,70,0,42.0,观望,★★,"['均线多头排列', '价格站上20日线', 'MACD金叉', '价格位于布林带中轨上方', '温和上涨']",['无财务数据'],156.28,121.21,77.9,15.8763,0.84
688726.SH,拉普拉斯,专用机械,74.2,1.3661,70,0,42.0,观望,★★,"['均线多头排列', '价格站上20日线', 'MACD金叉', '价格位于布林带中轨上方', '温和上涨']",['无财务数据'],72.09,58.51,77.3,8.3665,0.75
300370.SZ,安控科技,电器仪表,2.86,1.0601,68,0,40.8,观望,★★,"['价格站上20日线', 'RSI处于合理区间', 'MACD金叉', '成交量温和放大', '价格位于布林带中轨上方', '温和上涨']",['无财务数据'],2.78,2.8,47.4,0.0126,1.46
002506.SZ,协鑫集成,电气设备,5.26,4.3651,68,0,40.8,观望,★★,"['均线多头排列', '价格站上20日线', 'MACD金叉', '成交量温和放大', '温和上涨']",['无财务数据'],4.56,3.51,86.8,0.4899,1.47
300245.SZ,天玑科技,软件服务,13.24,1.0687,68,0,40.8,观望,★★,"['价格站上20日线', 'RSI处于合理区间', 'MACD金叉', '成交量温和放大', '价格位于布林带中轨上方', '温和上涨']",['无财务数据'],12.85,12.96,56.8,-0.0445,1.22
603311.SH,金海高科,家用电器,16.42,1.4833,68,0,40.8,观望,★★,"['均线多头排列', '价格站上20日线', 'RSI处于合理区间', '成交量温和放大', '价格位于布林带中轨上方', '温和上涨']",['无财务数据'],16.05,15.77,49.3,0.4679,1.23
002856.SZ,美芝股份,装修装饰,16.04,2.2959,68,0,40.8,观望,★★,"['均线多头排列', '价格站上20日线', 'RSI处于合理区间', '成交量温和放大', '价格位于布林带中轨上方', '温和上涨']",['无财务数据'],15.71,15.26,67.2,0.6454,1.47
300600.SZ,国瑞科技,船舶,14.59,1.3899,68,0,40.8,观望,★★,"['价格站上20日线', 'RSI处于合理区间', 'MACD金叉', '成交量温和放大', '价格位于布林带中轨上方', '温和上涨']",['无财务数据'],14.33,14.54,49.1,-0.2416,1.27
002925.SZ,盈趣科技,元器件,21.34,1.1374,68,0,40.8,观望,★★,"['短期均线向上', '价格站上20日线', 'RSI处于合理区间', 'MACD金叉', '成交量温和放大', '温和上涨']",['无财务数据'],20.68,20.45,60.1,0.3732,1.33
603551.SH,奥普科技,家居用品,12.23,2.6007,68,0,40.8,观望,★★,"['均线多头排列', '价格站上20日线', 'MACD金叉', '成交量温和放大', '温和上涨']",['无财务数据'],11.78,11.35,78.4,0.0698,1.46
603950.SH,长源东谷,汽车配件,34.65,3.9604,68,0,40.8,观望,★★,"['短期均线向上', '价格站上20日线', 'RSI处于合理区间', 'MACD金叉', '成交量温和放大', '温和上涨']",['无财务数据'],32.73,31.84,58.7,0.5895,1.3
300881.SZ,盛德鑫泰,钢加工,45.69,3.5116,68,0,40.8,观望,★★,"['均线多头排列', '价格站上20日线', 'MACD金叉', '成交量温和放大', '温和上涨']",['无财务数据'],42.97,40.18,75.4,2.0179,1.26
688622.SH,禾信仪器,电器仪表,138.88,9.83,68,0,40.8,观望,★★,"['均线多头排列', '价格站上20日线', 'RSI处于合理区间', 'MACD金叉', '成交量温和放大']",['无财务数据'],124.91,112.51,60.3,3.5936,1.24
688081.SH,兴图新科,软件服务,43.31,3.4886,68,0,40.8,观望,★★,"['均线多头排列', '价格站上20日线', 'MACD金叉', '成交量温和放大', '温和上涨']",['无财务数据'],39.89,36.86,73.2,1.515,1.27
688345.SH,博力威,电气设备,37.82,3.0799,68,0,40.8,观望,★★,"['短期均线向上', '价格站上20日线', 'RSI处于合理区间', 'MACD金叉', '成交量温和放大', '温和上涨']",['无财务数据'],36.17,35.8,57.4,0.7268,1.39
301290.SZ,东星医疗,医疗保健,29.22,0.5506,68,0,40.8,观望,★★,"['均线多头排列', '价格站上20日线', 'RSI处于合理区间', '成交量温和放大', '价格位于布林带中轨上方', '温和上涨']",['无财务数据'],29.0,28.67,52.3,0.5926,1.28
001326.SZ,联域股份,电气设备,63.66,2.7935,68,0,40.8,观望,★★,"['均线多头排列', '价格站上20日线', 'MACD金叉', '成交量温和放大', '温和上涨']",['无财务数据'],58.56,53.94,83.7,3.0699,1.22
